{"w": [-0.08161255717460013, -0.02195683219271638, 0.014757686470307063, 0.04853271391845271, 0.0049081214673949445, 0.025620442689924115, 0.022343079312759348, 0.08065762830883592, 0.007889257170800594, -0.030517961862916276, 0.0180060986297853, -0.035769718860762245, -0.11232270974481474, -0.025980968669457215, 0.4523480287417719, -0.11745088649884866, 0.04198397672593255, -0.1645593376588525, 0.0451110945051803, 0.04243278986593763, 0.2401790699696097, 0.08078242279692115, -0.17096860695448252, 0.008783828148451613, 0.12196832493896054, 0.17974112369806783], "mu": [108.55332896431877, 101.63500227109168, 98.57645385605618, 93.71840777949286, 86.94515297263334, 103.43851075968091, 107.8513251310748, 0.8857753063994018, 0.5349171975572399, 28.06345049512089, 11.575261394116843, 10.354574027968292, 9.868273410329152, 0.5071886367573185, 2.5679889139095793, 1.0, 1.0010771948798989, 302.3823661874242, 1.0652806064440525, 294.9237571453317, 310.54844967954267, 308.8329984410185, 2.9085809362308215, 0.1299151221202148, 0.08236618742421618], "sd": [785.3645701386408, 784.1690179487704, 784.1743312286028, 783.5922943451737, 783.2438658005105, 433.3614324024618, 796.061178032767, 25.53794233775889, 323.7829201807492, 871.8675386978589, 29.60059671450737, 25.34056684490647, 17.681435594898513, 0.8924449211131229, 1.1098167032091681, 0.48264649182542535, 0.4741352793816162, 208.04612556980553, 0.7018886918761065, 206.62482571029736, 203.65642445976366, 201.5160176609968, 1.4266751529344897, 0.3362100283523745, 0.27492180450705445], "features": ["mill_dispatched_MT", "disp_lag1", "disp_lag2", "disp_lag3", "disp_lag4", "disp_roll4_mean", "disp_roll4_std", "disp_qoq", "disp_slope4", "purch_roll4_mean", "offtake_roll4_mean", "share", "share_roll4", "q_since_active", "qnum", "region_seasonal_idx", "next_seasonal_idx", "rain_mm", "monsoon_idx", "rain_next_q", "rain_lag1", "rain_lag2", "monsoon_cum", "extreme_wet", "dry_spell"], "params": {"l2": 0.1, "lr": 0.15, "forecast_champion": "seasonal_naive", "scoring_model": "logistic"}}