{"w": [-0.08166103459569479, -0.021956169419834408, 0.014741095447076125, 0.04850759193881018, 0.00489597058047457, 0.025603366872928003, 0.022316495525301253, 0.08068572534891368, 0.007888932462972354, -0.03050229088596801, 0.0042339107241701575, -0.03610910019543075, -0.11230923917837778, -0.025889451205001128, 0.4524990905855137, -0.11749058909236475, 0.04200602846772974, -0.1645412606080761, 0.04507880376546691, 0.04250956929186068, 0.2402288060007215, 0.08075088468327743, -0.1709807289679674, 0.00879725524929973, 0.12202930396679873, 0.17981546588171815], "mu": [108.55332896431877, 101.63500227109168, 98.57645385605618, 93.71840777949286, 86.94515297263334, 103.43851075968091, 107.85132513107627, 0.8857753063994018, 0.5349171975572393, 12.383425101760718, 11.575261394116845, 10.354574027968292, 9.868273410329152, 0.5071886367573185, 2.5679889139095793, 1.0, 1.001077194879899, 302.3823661874242, 1.0652806064440525, 294.9237571453317, 310.54844967954267, 308.8329984410185, 2.9085809362308224, 0.1299151221202148, 0.08236618742421618], "sd": [785.3645701386408, 784.1690179487704, 784.1743312286028, 783.5922943451739, 783.2438658005105, 433.3614324024618, 796.0611780327667, 25.53794233775889, 323.7829201807493, 101.90976964388683, 29.60059671450737, 25.34056684490647, 17.681435594898513, 0.8924449211131229, 1.1098167032091681, 0.48264649182542535, 0.4741352793816162, 208.04612556980553, 0.7018886918761065, 206.62482571029736, 203.65642445976368, 201.5160176609968, 1.4266751529344897, 0.3362100283523745, 0.2749218045070545], "features": ["mill_dispatched_MT", "disp_lag1", "disp_lag2", "disp_lag3", "disp_lag4", "disp_roll4_mean", "disp_roll4_std", "disp_qoq", "disp_slope4", "purch_roll4_mean", "offtake_roll4_mean", "share", "share_roll4", "q_since_active", "qnum", "region_seasonal_idx", "next_seasonal_idx", "rain_mm", "monsoon_idx", "rain_next_q", "rain_lag1", "rain_lag2", "monsoon_cum", "extreme_wet", "dry_spell"], "params": {"l2": 0.1, "lr": 0.15, "forecast_champion": "seasonal_naive", "scoring_model": "logistic"}}