{"w": [-0.08134448301126339, -0.027096896319196227, 0.013090740188001989, 0.04739632215818888, 0.0031374280168876816, 0.02865690123510978, 0.01814175904037959, 0.08218735894321204, 0.00792801409848528, -0.036434259369752635, 0.020265210544441647, -0.04265913585855823, -0.11691866447588589, -0.0168973561189845, 0.4507410419838307, -0.01274439277302762, -0.008219964761075423, -0.14567954079036025, -0.0021211968825299355, -0.029987850075295214, 0.17641280674174714, 0.03135185018338898, -0.10596219578168885, -0.03031306967974444, 0.0, 0.0], "mu": [108.55332896431877, 101.63500227109168, 98.57645385605618, 93.71840777949286, 86.94515297263334, 103.43851075968091, 107.85132513107627, 0.8857753063994018, 0.5349171975572393, 28.06345049512089, 11.575261394116845, 10.354574027968292, 9.868273410329152, 0.5071886367573185, 2.5679889139095793, 1.0, 1.001077194879899, 221.0694612852936, 0.9955975736003261, 219.50727524683873, 229.5532652000693, 217.96830071020267, 2.7217376608504686, 0.0, 0.0], "sd": [785.3645701386408, 784.1690179487704, 784.1743312286028, 783.5922943451739, 783.2438658005105, 433.3614324024618, 796.0611780327667, 25.53794233775889, 323.7829201807493, 871.8675386978589, 29.60059671450737, 25.34056684490647, 17.681435594898513, 0.8924449211131229, 1.1098167032091681, 0.48264649182542535, 0.4741352793816162, 131.75645160845508, 0.5859430424797655, 129.7316735023661, 128.24751753077462, 125.75902047736905, 1.2893403243362724, 1.0, 1.0], "features": ["mill_dispatched_MT", "disp_lag1", "disp_lag2", "disp_lag3", "disp_lag4", "disp_roll4_mean", "disp_roll4_std", "disp_qoq", "disp_slope4", "purch_roll4_mean", "offtake_roll4_mean", "share", "share_roll4", "q_since_active", "qnum", "region_seasonal_idx", "next_seasonal_idx", "rain_mm", "monsoon_idx", "rain_next_q", "rain_lag1", "rain_lag2", "monsoon_cum", "extreme_wet", "dry_spell"], "params": {"l2": 0.1, "lr": 0.15, "forecast_champion": "seasonal_naive", "scoring_model": "logistic"}}