{"w": [-0.05397595021203602, -0.2560351882013417, 0.03369483716689938, 0.19082905780904982, -0.05082577763148046, 0.07976319507669698, -0.05837806077329453, 0.025426662930581677, -0.1314249679411822, -0.14117372425336672, 0.02215977586814038, 0.006290645811977762, -0.11059328569553356, -0.01779405888625516, 0.37649978208021256, 0.0512952230039266, 0.13216712694361077, -0.24887378704995244, 0.06805592841732602, 0.07244080843501066, 0.18658162142070706], "mu": [82.96035215736042, 72.26646203468698, 70.17142449238578, 65.57688134517767, 57.92449132825719, 74.27312477968134, 62.96289801521458, 0.4458335248327526, 4.004953116187253, 31.312023071770913, 10.063319937958262, 10.071309307031495, 9.73800845556674, 0.5174492385786802, 2.587246192893401, 1.015403771789921, 1.0079153179282785, 317.5691518612521, 1.1160079214294005, 314.625296108291], "sd": [139.78152162020993, 125.3530289409022, 125.16228694631533, 122.81973462077744, 119.70607514923205, 97.16607976824443, 75.59041738357608, 3.0553777746749367, 51.92057285510699, 963.2275024223323, 23.82644473174527, 25.076147808430676, 17.164787877320375, 0.8969256144820326, 1.1085358464240096, 0.47896600454203303, 0.46295920317776007, 216.71379734811623, 0.7311736948903375, 213.5107917077583], "features": ["mill_dispatched_MT", "disp_lag1", "disp_lag2", "disp_lag3", "disp_lag4", "disp_roll4_mean", "disp_roll4_std", "disp_qoq", "disp_slope4", "purch_roll4_mean", "offtake_roll4_mean", "share", "share_roll4", "q_since_active", "qnum", "region_seasonal_idx", "next_seasonal_idx", "rain_mm", "monsoon_idx", "rain_next_q"], "params": {"l2": 0.1, "lr": 0.3, "ridge_l2": 100.0, "forecast_champion": "seasonal_naive"}}