{"w": [-0.08166103459569476, -0.021956169419833516, 0.014741095447076823, 0.04850759193881054, 0.0048959705804751145, 0.025603366872928027, 0.022316495525302495, 0.08068572534890933, 0.007888932462972701, -0.030502290885968036, 0.00423391072417014, -0.03610910019543079, -0.11230923917837776, -0.025889451205001187, 0.45249909058551374, -0.11749058909236477, 0.04200602846772974, -0.16454126060807614, 0.04507880376546694, 0.042509569291860706, 0.24022880600072147, 0.08075088468327746, -0.17098072896796743, 0.008797255249299737, 0.1220293039667987, 0.17981546588171815], "mu": [108.55332896431877, 101.63500227109168, 98.57645385605618, 93.71840777949286, 86.94515297263334, 103.43851075968091, 107.8513251310748, 0.8857753063994018, 0.5349171975572399, 12.383425101760718, 11.575261394116843, 10.354574027968292, 9.868273410329152, 0.5071886367573185, 2.5679889139095793, 1.0, 1.0010771948798989, 302.3823661874242, 1.0652806064440525, 294.9237571453317, 310.54844967954267, 308.8329984410185, 2.9085809362308215, 0.1299151221202148, 0.08236618742421618], "sd": [785.3645701386408, 784.1690179487704, 784.1743312286028, 783.5922943451737, 783.2438658005105, 433.3614324024618, 796.061178032767, 25.53794233775889, 323.7829201807492, 101.90976964388683, 29.60059671450737, 25.34056684490647, 17.681435594898513, 0.8924449211131229, 1.1098167032091681, 0.48264649182542535, 0.4741352793816162, 208.04612556980553, 0.7018886918761065, 206.62482571029736, 203.65642445976366, 201.5160176609968, 1.4266751529344897, 0.3362100283523745, 0.27492180450705445], "features": ["mill_dispatched_MT", "disp_lag1", "disp_lag2", "disp_lag3", "disp_lag4", "disp_roll4_mean", "disp_roll4_std", "disp_qoq", "disp_slope4", "purch_roll4_mean", "offtake_roll4_mean", "share", "share_roll4", "q_since_active", "qnum", "region_seasonal_idx", "next_seasonal_idx", "rain_mm", "monsoon_idx", "rain_next_q", "rain_lag1", "rain_lag2", "monsoon_cum", "extreme_wet", "dry_spell"], "params": {"l2": 0.1, "lr": 0.15, "forecast_champion": "seasonal_naive", "scoring_model": "logistic"}}