{"w": [-0.05397572001167207, -0.25603232978929064, 0.033693221686530224, 0.1908282114832943, -0.05083121837123509, 0.07976391402051614, -0.058380984468097884, 0.025419502144899273, -0.13142017263775993, -0.14116385775127377, 0.022159629833152613, 0.006289308759424368, -0.11059096679558372, -0.017793028352650835, 0.37649714213038343, 0.05130958179536586, 0.13222679896769343, -0.24888664316136436, 0.06796725980951795, 0.07264682429205435, 0.18659751713028477], "mu": [82.96035215736042, 72.26646203468698, 70.17142449238578, 65.57688134517767, 57.92449132825719, 74.27312477968134, 62.96289801521458, 0.4458335248327526, 4.004953116187253, 31.312023071770913, 10.063319937958262, 10.071309307031495, 9.73800845556674, 0.5174492385786802, 2.587246192893401, 1.015403771789921, 1.0079153179282785, 317.5691518612521, 1.1168605856544989, 314.625296108291], "sd": [139.78152162020993, 125.3530289409022, 125.16228694631533, 122.81973462077744, 119.70607514923205, 97.16607976824443, 75.59041738357608, 3.0553777746749367, 51.92057285510699, 963.2275024223323, 23.82644473174527, 25.076147808430676, 17.164787877320375, 0.8969256144820326, 1.1085358464240096, 0.47896600454203303, 0.46295920317776007, 216.71379734811623, 0.7316565034223468, 213.5107917077583], "features": ["mill_dispatched_MT", "disp_lag1", "disp_lag2", "disp_lag3", "disp_lag4", "disp_roll4_mean", "disp_roll4_std", "disp_qoq", "disp_slope4", "purch_roll4_mean", "offtake_roll4_mean", "share", "share_roll4", "q_since_active", "qnum", "region_seasonal_idx", "next_seasonal_idx", "rain_mm", "monsoon_idx", "rain_next_q"], "params": {"l2": 0.1, "lr": 0.15, "ridge_l2": 100.0, "forecast_champion": "seasonal_naive"}}